,tipo_suelo,anio,num_incendios,area_km2_tipo_suelo,incendios_cada_km2
0,"Selva baja perennifolia, subperennifolia y espinosa",2000,1,1016110.4077329092,9.841450224204929e-07
1,"Selva baja perennifolia, subperennifolia y espinosa",2001,27,1016110.4077329092,2.6571915605353305e-05
2,"Selva baja perennifolia, subperennifolia y espinosa",2002,44,1016110.4077329092,4.3302380986501685e-05
3,"Selva baja perennifolia, subperennifolia y espinosa",2003,221,1016110.4077329092,0.0002174960499549289
4,"Selva baja perennifolia, subperennifolia y espinosa",2004,102,1016110.4077329092,0.00010038279228689027
5,"Selva baja perennifolia, subperennifolia y espinosa",2005,145,1016110.4077329092,0.00014270102825097146
6,"Selva baja perennifolia, subperennifolia y espinosa",2006,123,1016110.4077329092,0.00012104983775772062
7,"Selva baja perennifolia, subperennifolia y espinosa",2007,129,1016110.4077329092,0.00012695470789224358
8,"Selva baja perennifolia, subperennifolia y espinosa",2008,154,1016110.4077329092,0.0001515583334527559
9,"Selva baja perennifolia, subperennifolia y espinosa",2009,205,1016110.4077329092,0.00020174972959620104
10,"Selva baja perennifolia, subperennifolia y espinosa",2010,132,1016110.4077329092,0.00012990714295950506
11,"Selva baja perennifolia, subperennifolia y espinosa",2011,264,1016110.4077329092,0.0002598142859190101
12,"Selva baja perennifolia, subperennifolia y espinosa",2012,92,1016110.4077329092,9.054134206268533e-05
13,"Selva baja perennifolia, subperennifolia y espinosa",2013,246,1016110.4077329092,0.00024209967551544123
14,"Selva baja perennifolia, subperennifolia y espinosa",2014,57,1016110.4077329092,5.609626627796809e-05
15,"Selva baja perennifolia, subperennifolia y espinosa",2015,171,1016110.4077329092,0.00016828879883390427
16,"Selva baja perennifolia, subperennifolia y espinosa",2016,172,1016110.4077329092,0.00016927294385632476
17,"Selva baja perennifolia, subperennifolia y espinosa",2017,290,1016110.4077329092,0.0002854020565019429
18,"Selva baja perennifolia, subperennifolia y espinosa",2018,97,1016110.4077329092,9.54620671747878e-05
19,"Selva baja perennifolia, subperennifolia y espinosa",2019,220,1016110.4077329092,0.00021651190493250842
20,"Manejo agricola, pecuario y forestal (plantaciones)",2000,15,900196336.2952371,1.6663031602341975e-08
21,"Manejo agricola, pecuario y forestal (plantaciones)",2001,566,900196336.2952371,6.287517257950372e-07
22,"Manejo agricola, pecuario y forestal (plantaciones)",2002,828,900196336.2952371,9.197993444492771e-07
23,"Manejo agricola, pecuario y forestal (plantaciones)",2003,1828,900196336.2952371,2.0306681179387422e-06
24,"Manejo agricola, pecuario y forestal (plantaciones)",2004,1115,900196336.2952371,1.2386186824407535e-06
25,"Manejo agricola, pecuario y forestal (plantaciones)",2005,1840,900196336.2952371,2.043998543220616e-06
26,"Manejo agricola, pecuario y forestal (plantaciones)",2006,1397,900196336.2952371,1.5518836765647827e-06
27,"Manejo agricola, pecuario y forestal (plantaciones)",2007,1271,900196336.2952371,1.41191421110511e-06
28,"Manejo agricola, pecuario y forestal (plantaciones)",2008,1517,900196336.2952371,1.6851879293835184e-06
29,"Manejo agricola, pecuario y forestal (plantaciones)",2009,1643,900196336.2952371,1.8251573948431912e-06
30,"Manejo agricola, pecuario y forestal (plantaciones)",2010,1140,900196336.2952371,1.26639040177799e-06
31,"Manejo agricola, pecuario y forestal (plantaciones)",2011,1826,900196336.2952371,2.0284463803917634e-06
32,"Manejo agricola, pecuario y forestal (plantaciones)",2012,1181,900196336.2952371,1.3119360214910582e-06
33,"Manejo agricola, pecuario y forestal (plantaciones)",2013,1771,900196336.2952371,1.9673485978498428e-06
34,"Manejo agricola, pecuario y forestal (plantaciones)",2014,938,900196336.2952371,1.0419949095331183e-06
35,"Manejo agricola, pecuario y forestal (plantaciones)",2015,989,900196336.2952371,1.098649216981081e-06
36,"Manejo agricola, pecuario y forestal (plantaciones)",2016,1470,900196336.2952371,1.6329770970295137e-06
37,"Manejo agricola, pecuario y forestal (plantaciones)",2017,1800,900196336.2952371,1.999563792281037e-06
38,"Manejo agricola, pecuario y forestal (plantaciones)",2018,1017,900196336.2952371,1.1297535426387859e-06
39,"Manejo agricola, pecuario y forestal (plantaciones)",2019,1755,900196336.2952371,1.949574697474011e-06
40,Selva baja caducifolia y subcaducifolia,2000,1,407263081.0176437,2.455415299371753e-09
41,Selva baja caducifolia y subcaducifolia,2001,620,407263081.0176437,1.5223574856104868e-06
42,Selva baja caducifolia y subcaducifolia,2002,632,407263081.0176437,1.5518224692029478e-06
43,Selva baja caducifolia y subcaducifolia,2003,1232,407263081.0176437,3.0250716488259995e-06
44,Selva baja caducifolia y subcaducifolia,2004,900,407263081.0176437,2.2098737694345777e-06
45,Selva baja caducifolia y subcaducifolia,2005,1174,407263081.0176437,2.8826575614624377e-06
46,Selva baja caducifolia y subcaducifolia,2006,860,407263081.0176437,2.1116571574597076e-06
47,Selva baja caducifolia y subcaducifolia,2007,869,407263081.0176437,2.1337558951540533e-06
48,Selva baja caducifolia y subcaducifolia,2008,919,407263081.0176437,2.2565266601226407e-06
49,Selva baja caducifolia y subcaducifolia,2009,1029,407263081.0176437,2.5266223430535337e-06
50,Selva baja caducifolia y subcaducifolia,2010,818,407263081.0176437,2.0085297148860938e-06
51,Selva baja caducifolia y subcaducifolia,2011,1065,407263081.0176437,2.6150172938309168e-06
52,Selva baja caducifolia y subcaducifolia,2012,1268,407263081.0176437,3.1134665996033826e-06
53,Selva baja caducifolia y subcaducifolia,2013,1525,407263081.0176437,3.744508331541923e-06
54,Selva baja caducifolia y subcaducifolia,2014,570,407263081.0176437,1.3995867206418992e-06
55,Selva baja caducifolia y subcaducifolia,2015,792,407263081.0176437,1.9446889171024284e-06
56,Selva baja caducifolia y subcaducifolia,2016,1017,407263081.0176437,2.4971573594610726e-06
57,Selva baja caducifolia y subcaducifolia,2017,1155,407263081.0176437,2.8360046707743743e-06
58,Selva baja caducifolia y subcaducifolia,2018,1057,407263081.0176437,2.5953739714359427e-06
59,Selva baja caducifolia y subcaducifolia,2019,1382,407263081.0176437,3.3933839437317622e-06
60,Bosque de encino,2000,1,35305386.697491676,2.8324289677615868e-08
61,Bosque de encino,2001,185,35305386.697491676,5.239993590358935e-06
62,Bosque de encino,2002,288,35305386.697491676,8.15739542715337e-06
63,Bosque de encino,2003,575,35305386.697491676,1.6286466564629125e-05
64,Bosque de encino,2004,261,35305386.697491676,7.392639605857741e-06
65,Bosque de encino,2005,1050,35305386.697491676,2.974050416149666e-05
66,Bosque de encino,2006,488,35305386.697491676,1.3822253362676543e-05
67,Bosque de encino,2007,433,35305386.697491676,1.226441743040767e-05
68,Bosque de encino,2008,570,35305386.697491676,1.6144845116241043e-05
69,Bosque de encino,2009,524,35305386.697491676,1.4841927791070714e-05
70,Bosque de encino,2010,308,35305386.697491676,8.723881220705687e-06
71,Bosque de encino,2011,1807,35305386.697491676,5.118199144745187e-05
72,Bosque de encino,2012,1075,35305386.697491676,3.0448611403437058e-05
73,Bosque de encino,2013,1059,35305386.697491676,2.9995422768595204e-05
74,Bosque de encino,2014,295,35305386.697491676,8.35566545489668e-06
75,Bosque de encino,2015,147,35305386.697491676,4.163670582609532e-06
76,Bosque de encino,2016,584,35305386.697491676,1.6541385171727666e-05
77,Bosque de encino,2017,1365,35305386.697491676,3.866265540994566e-05
78,Bosque de encino,2018,812,35305386.697491676,2.2999323218224085e-05
79,Bosque de encino,2019,980,35305386.697491676,2.775780388406355e-05
80,"Matorral espinoso tamaulipeco, submontano y subtropical",2000,2,12084652.852412447,1.654991686087815e-07
81,"Matorral espinoso tamaulipeco, submontano y subtropical",2001,20,12084652.852412447,1.654991686087815e-06
82,"Matorral espinoso tamaulipeco, submontano y subtropical",2002,22,12084652.852412447,1.8204908546965966e-06
83,"Matorral espinoso tamaulipeco, submontano y subtropical",2003,37,12084652.852412447,3.061734619262458e-06
84,"Matorral espinoso tamaulipeco, submontano y subtropical",2004,57,12084652.852412447,4.716726305350273e-06
85,"Matorral espinoso tamaulipeco, submontano y subtropical",2005,134,12084652.852412447,1.1088444296788362e-05
86,"Matorral espinoso tamaulipeco, submontano y subtropical",2006,97,12084652.852412447,8.026709677525903e-06
87,"Matorral espinoso tamaulipeco, submontano y subtropical",2007,32,12084652.852412447,2.647986697740504e-06
88,"Matorral espinoso tamaulipeco, submontano y subtropical",2008,126,12084652.852412447,1.0426447622353236e-05
89,"Matorral espinoso tamaulipeco, submontano y subtropical",2009,160,12084652.852412447,1.323993348870252e-05
90,"Matorral espinoso tamaulipeco, submontano y subtropical",2010,39,12084652.852412447,3.2272337878712395e-06
91,"Matorral espinoso tamaulipeco, submontano y subtropical",2011,457,12084652.852412447,3.7816560027106576e-05
92,"Matorral espinoso tamaulipeco, submontano y subtropical",2012,92,12084652.852412447,7.612961756003949e-06
93,"Matorral espinoso tamaulipeco, submontano y subtropical",2013,97,12084652.852412447,8.026709677525903e-06
94,"Matorral espinoso tamaulipeco, submontano y subtropical",2014,25,12084652.852412447,2.068739607609769e-06
95,"Matorral espinoso tamaulipeco, submontano y subtropical",2015,15,12084652.852412447,1.2412437645658612e-06
96,"Matorral espinoso tamaulipeco, submontano y subtropical",2016,106,12084652.852412447,8.77145593626542e-06
97,"Matorral espinoso tamaulipeco, submontano y subtropical",2017,138,12084652.852412447,1.1419442634005924e-05
98,"Matorral espinoso tamaulipeco, submontano y subtropical",2018,69,12084652.852412447,5.709721317002962e-06
99,"Matorral espinoso tamaulipeco, submontano y subtropical",2019,146,12084652.852412447,1.208143930844105e-05
100,Cuerpos de agua,2000,1,8910.041926294776,0.00011223291745113572
101,Cuerpos de agua,2001,4,8910.041926294776,0.0004489316698045429
102,Cuerpos de agua,2002,2,8910.041926294776,0.00022446583490227145
103,Cuerpos de agua,2003,15,8910.041926294776,0.001683493761767036
104,Cuerpos de agua,2004,2,8910.041926294776,0.00022446583490227145
105,Cuerpos de agua,2005,3,8910.041926294776,0.0003366987523534072
106,Cuerpos de agua,2006,2,8910.041926294776,0.00022446583490227145
107,Cuerpos de agua,2007,7,8910.041926294776,0.0007856304221579501
108,Cuerpos de agua,2008,4,8910.041926294776,0.0004489316698045429
109,Cuerpos de agua,2009,5,8910.041926294776,0.0005611645872556786
110,Cuerpos de agua,2010,6,8910.041926294776,0.0006733975047068144
111,Cuerpos de agua,2011,4,8910.041926294776,0.0004489316698045429
112,Cuerpos de agua,2012,2,8910.041926294776,0.00022446583490227145
113,Cuerpos de agua,2013,1,8910.041926294776,0.00011223291745113572
114,Cuerpos de agua,2014,2,8910.041926294776,0.00022446583490227145
115,Cuerpos de agua,2015,6,8910.041926294776,0.0006733975047068144
116,Cuerpos de agua,2016,4,8910.041926294776,0.0004489316698045429
117,Cuerpos de agua,2017,8,8910.041926294776,0.0008978633396090858
118,Cuerpos de agua,2018,12,8910.041926294776,0.0013467950094136288
119,Cuerpos de agua,2019,2,8910.041926294776,0.00022446583490227145
120,Chaparral,2000,1,54996386.34348175,1.818301285750789e-08
121,Chaparral,2001,9,54996386.34348175,1.63647115717571e-07
122,Chaparral,2002,240,54996386.34348175,4.363923085801893e-06
123,Chaparral,2003,414,54996386.34348175,7.5277673230082665e-06
124,Chaparral,2004,95,54996386.34348175,1.7273862214632496e-06
125,Chaparral,2005,360,54996386.34348175,6.545884628702841e-06
126,Chaparral,2006,263,54996386.34348175,4.782132381524575e-06
127,Chaparral,2007,175,54996386.34348175,3.182027250063881e-06
128,Chaparral,2008,207,54996386.34348175,3.7638836615041333e-06
129,Chaparral,2009,614,54996386.34348175,1.1164369894509845e-05
130,Chaparral,2010,90,54996386.34348175,1.6364711571757102e-06
131,Chaparral,2011,1690,54996386.34348175,3.0729291729188336e-05
132,Chaparral,2012,389,54996386.34348175,7.0731920015705694e-06
133,Chaparral,2013,116,54996386.34348175,2.109229491470915e-06
134,Chaparral,2014,161,54996386.34348175,2.92746507005877e-06
135,Chaparral,2015,154,54996386.34348175,2.8001839800562153e-06
136,Chaparral,2016,52,54996386.34348175,9.455166685904103e-07
137,Chaparral,2017,329,54996386.34348175,5.982211230120096e-06
138,Chaparral,2018,295,54996386.34348175,5.363988792964828e-06
139,Chaparral,2019,366,54996386.34348175,6.654982705847888e-06
140,Vegetacion halofila y gipsofila,2001,3,57637.03995223116,5.204986242330212e-05
141,Vegetacion halofila y gipsofila,2002,7,57637.03995223116,0.00012144967898770495
142,Vegetacion halofila y gipsofila,2003,13,57637.03995223116,0.0002255494038343092
143,Vegetacion halofila y gipsofila,2004,20,57637.03995223116,0.00034699908282201413
144,Vegetacion halofila y gipsofila,2005,18,57637.03995223116,0.0003122991745398127
145,Vegetacion halofila y gipsofila,2006,11,57637.03995223116,0.00019084949555210777
146,Vegetacion halofila y gipsofila,2007,8,57637.03995223116,0.00013879963312880567
147,Vegetacion halofila y gipsofila,2008,12,57637.03995223116,0.00020819944969320848
148,Vegetacion halofila y gipsofila,2009,19,57637.03995223116,0.0003296491286809134
149,Vegetacion halofila y gipsofila,2010,20,57637.03995223116,0.00034699908282201413
150,Vegetacion halofila y gipsofila,2011,22,57637.03995223116,0.00038169899110421555
151,Vegetacion halofila y gipsofila,2012,22,57637.03995223116,0.00038169899110421555
152,Vegetacion halofila y gipsofila,2013,6,57637.03995223116,0.00010409972484660424
153,Vegetacion halofila y gipsofila,2014,15,57637.03995223116,0.00026024931211651064
154,Vegetacion halofila y gipsofila,2015,19,57637.03995223116,0.0003296491286809134
155,Vegetacion halofila y gipsofila,2016,17,57637.03995223116,0.000294949220398712
156,Vegetacion halofila y gipsofila,2017,15,57637.03995223116,0.00026024931211651064
157,Vegetacion halofila y gipsofila,2018,12,57637.03995223116,0.00020819944969320848
158,Vegetacion halofila y gipsofila,2019,18,57637.03995223116,0.0003122991745398127
159,Matorral rosetofilo,2001,2,7733980.252728938,2.5859905697254646e-07
160,Matorral rosetofilo,2002,10,7733980.252728938,1.2929952848627323e-06
161,Matorral rosetofilo,2003,12,7733980.252728938,1.5515943418352789e-06
162,Matorral rosetofilo,2004,5,7733980.252728938,6.464976424313661e-07
163,Matorral rosetofilo,2005,30,7733980.252728938,3.878985854588197e-06
164,Matorral rosetofilo,2006,16,7733980.252728938,2.0687924557803717e-06
165,Matorral rosetofilo,2007,7,7733980.252728938,9.050966994039127e-07
166,Matorral rosetofilo,2008,25,7733980.252728938,3.2324882121568307e-06
167,Matorral rosetofilo,2009,60,7733980.252728938,7.757971709176394e-06
168,Matorral rosetofilo,2010,19,7733980.252728938,2.4566910412391917e-06
169,Matorral rosetofilo,2011,1475,7733980.252728938,0.000190716804517253
170,Matorral rosetofilo,2012,169,7733980.252728938,2.1851620314180177e-05
171,Matorral rosetofilo,2013,12,7733980.252728938,1.5515943418352789e-06
172,Matorral rosetofilo,2014,31,7733980.252728938,4.0082853830744705e-06
173,Matorral rosetofilo,2015,1,7733980.252728938,1.2929952848627323e-07
174,Matorral rosetofilo,2016,18,7733980.252728938,2.3273915127529183e-06
175,Matorral rosetofilo,2017,88,7733980.252728938,1.1378358506792045e-05
176,Matorral rosetofilo,2018,65,7733980.252728938,8.40446935160776e-06
177,Matorral rosetofilo,2019,119,7733980.252728938,1.5386643889866516e-05
178,Bosque de coniferas distintas a Pinus,2001,2,8240.957524258747,0.00024269024492756317
179,Bosque de coniferas distintas a Pinus,2002,3,8240.957524258747,0.00036403536739134474
180,Bosque de coniferas distintas a Pinus,2003,19,8240.957524258747,0.0023055573268118503
181,Bosque de coniferas distintas a Pinus,2004,1,8240.957524258747,0.00012134512246378159
182,Bosque de coniferas distintas a Pinus,2005,12,8240.957524258747,0.001456141469565379
183,Bosque de coniferas distintas a Pinus,2006,5,8240.957524258747,0.0006067256123189079
184,Bosque de coniferas distintas a Pinus,2007,2,8240.957524258747,0.00024269024492756317
185,Bosque de coniferas distintas a Pinus,2008,3,8240.957524258747,0.00036403536739134474
186,Bosque de coniferas distintas a Pinus,2009,16,8240.957524258747,0.0019415219594205054
187,Bosque de coniferas distintas a Pinus,2010,4,8240.957524258747,0.00048538048985512634
188,Bosque de coniferas distintas a Pinus,2011,60,8240.957524258747,0.007280707347826896
189,Bosque de coniferas distintas a Pinus,2012,11,8240.957524258747,0.0013347963471015975
190,Bosque de coniferas distintas a Pinus,2013,7,8240.957524258747,0.0008494158572464711
191,Bosque de coniferas distintas a Pinus,2014,5,8240.957524258747,0.0006067256123189079
192,Bosque de coniferas distintas a Pinus,2015,1,8240.957524258747,0.00012134512246378159
193,Bosque de coniferas distintas a Pinus,2016,16,8240.957524258747,0.0019415219594205054
194,Bosque de coniferas distintas a Pinus,2017,11,8240.957524258747,0.0013347963471015975
195,Bosque de coniferas distintas a Pinus,2018,3,8240.957524258747,0.00036403536739134474
196,Bosque de coniferas distintas a Pinus,2019,16,8240.957524258747,0.0019415219594205054
197,Bosque mesofilo de montana,2001,23,767473.5988790966,2.996845759071289e-05
198,Bosque mesofilo de montana,2002,36,767473.5988790966,4.6907151011550605e-05
199,Bosque mesofilo de montana,2003,167,767473.5988790966,0.0002175970616369153
200,Bosque mesofilo de montana,2004,27,767473.5988790966,3.5180363258662956e-05
201,Bosque mesofilo de montana,2005,72,767473.5988790966,9.381430202310121e-05
202,Bosque mesofilo de montana,2006,47,767473.5988790966,6.123989159841329e-05
203,Bosque mesofilo de montana,2007,62,767473.5988790966,8.078453785322605e-05
204,Bosque mesofilo de montana,2008,66,767473.5988790966,8.599644352117612e-05
205,Bosque mesofilo de montana,2009,84,767473.5988790966,0.00010945001902695142
206,Bosque mesofilo de montana,2010,64,767473.5988790966,8.339049068720108e-05
207,Bosque mesofilo de montana,2011,73,767473.5988790966,9.511727844008874e-05
208,Bosque mesofilo de montana,2012,69,767473.5988790966,8.990537277213866e-05
209,Bosque mesofilo de montana,2013,83,767473.5988790966,0.0001081470426099639
210,Bosque mesofilo de montana,2014,44,767473.5988790966,5.7330962347450746e-05
211,Bosque mesofilo de montana,2015,31,767473.5988790966,4.039226892661302e-05
212,Bosque mesofilo de montana,2016,43,767473.5988790966,5.6027985930463225e-05
213,Bosque mesofilo de montana,2017,98,767473.5988790966,0.00012769168886477664
214,Bosque mesofilo de montana,2018,26,767473.5988790966,3.387738684167544e-05
215,Bosque mesofilo de montana,2019,107,767473.5988790966,0.00013941847661766432
216,Selva mediana perennifolia y subperennifolia,2001,119,527953155.27540576,2.25398785500058e-07
217,Selva mediana perennifolia y subperennifolia,2002,212,527953155.27540576,4.015507775295151e-07
218,Selva mediana perennifolia y subperennifolia,2003,1261,527953155.27540576,2.388469483324144e-06
219,Selva mediana perennifolia y subperennifolia,2004,325,527953155.27540576,6.155849183825113e-07
220,Selva mediana perennifolia y subperennifolia,2005,796,527953155.27540576,1.5077095231768585e-06
221,Selva mediana perennifolia y subperennifolia,2006,1049,527953155.27540576,1.986918705794629e-06
222,Selva mediana perennifolia y subperennifolia,2007,456,527953155.27540576,8.637129931766929e-07
223,Selva mediana perennifolia y subperennifolia,2008,700,527953155.27540576,1.3258752088238706e-06
224,Selva mediana perennifolia y subperennifolia,2009,883,527953155.27540576,1.6724968705592539e-06
225,Selva mediana perennifolia y subperennifolia,2010,418,527953155.27540576,7.917369104119685e-07
226,Selva mediana perennifolia y subperennifolia,2011,1190,527953155.27540576,2.25398785500058e-06
227,Selva mediana perennifolia y subperennifolia,2012,393,527953155.27540576,7.443842243825445e-07
228,Selva mediana perennifolia y subperennifolia,2013,918,527953155.27540576,1.7387906310004474e-06
229,Selva mediana perennifolia y subperennifolia,2014,218,527953155.27540576,4.1291542217657687e-07
230,Selva mediana perennifolia y subperennifolia,2015,783,527953155.27540576,1.4830861264415582e-06
231,Selva mediana perennifolia y subperennifolia,2016,451,527953155.27540576,8.54242455970808e-07
232,Selva mediana perennifolia y subperennifolia,2017,782,527953155.27540576,1.4811920190003812e-06
233,Selva mediana perennifolia y subperennifolia,2018,262,527953155.27540576,4.96256149588363e-07
234,Selva mediana perennifolia y subperennifolia,2019,888,527953155.27540576,1.6819674077651386e-06
235,Manglar,2001,7,175003.933258592,3.999910098967063e-05
236,Manglar,2002,8,175003.933258592,4.5713258273909286e-05
237,Manglar,2003,45,175003.933258592,0.0002571370777907397
238,Manglar,2004,5,175003.933258592,2.8570786421193306e-05
239,Manglar,2005,30,175003.933258592,0.00017142471852715983
240,Manglar,2006,14,175003.933258592,7.999820197934125e-05
241,Manglar,2007,37,175003.933258592,0.00021142381951683045
242,Manglar,2008,28,175003.933258592,0.0001599964039586825
243,Manglar,2009,52,175003.933258592,0.0002971361787804104
244,Manglar,2010,5,175003.933258592,2.8570786421193306e-05
245,Manglar,2011,46,175003.933258592,0.0002628512350749784
246,Manglar,2012,7,175003.933258592,3.999910098967063e-05
247,Manglar,2013,18,175003.933258592,0.0001028548311162959
248,Manglar,2014,3,175003.933258592,1.7142471852715984e-05
249,Manglar,2015,29,175003.933258592,0.00016571056124292118
250,Manglar,2016,15,175003.933258592,8.571235926357991e-05
251,Manglar,2017,41,175003.933258592,0.00023428044865378512
252,Manglar,2018,21,175003.933258592,0.00011999730296901188
253,Manglar,2019,35,175003.933258592,0.00019999550494835314
254,Selva mediana caducifolia y subcaducifolia,2001,307,261598476.8114954,1.1735542337321039e-06
255,Selva mediana caducifolia y subcaducifolia,2002,348,261598476.8114954,1.3302829750448603e-06
256,Selva mediana caducifolia y subcaducifolia,2003,804,261598476.8114954,3.0734123906208844e-06
257,Selva mediana caducifolia y subcaducifolia,2004,551,261598476.8114954,2.106281377154362e-06
258,Selva mediana caducifolia y subcaducifolia,2005,1065,261598476.8114954,4.07112462190453e-06
259,Selva mediana caducifolia y subcaducifolia,2006,851,261598476.8114954,3.253077045296483e-06
260,Selva mediana caducifolia y subcaducifolia,2007,507,261598476.8114954,1.9380846791601842e-06
261,Selva mediana caducifolia y subcaducifolia,2008,649,261598476.8114954,2.4809012954141216e-06
262,Selva mediana caducifolia y subcaducifolia,2009,1022,261598476.8114954,3.906750576137492e-06
263,Selva mediana caducifolia y subcaducifolia,2010,586,261598476.8114954,2.2400742051042764e-06
264,Selva mediana caducifolia y subcaducifolia,2011,968,261598476.8114954,3.7003273558719105e-06
265,Selva mediana caducifolia y subcaducifolia,2012,327,261598476.8114954,1.2500072782749118e-06
266,Selva mediana caducifolia y subcaducifolia,2013,936,261598476.8114954,3.5780024846034174e-06
267,Selva mediana caducifolia y subcaducifolia,2014,454,261598476.8114954,1.735484111121743e-06
268,Selva mediana caducifolia y subcaducifolia,2015,694,261598476.8114954,2.6529206456354397e-06
269,Selva mediana caducifolia y subcaducifolia,2016,497,261598476.8114954,1.8998581568887805e-06
270,Selva mediana caducifolia y subcaducifolia,2017,650,261598476.8114954,2.4847239476412622e-06
271,Selva mediana caducifolia y subcaducifolia,2018,441,261598476.8114954,1.6857896321689177e-06
272,Selva mediana caducifolia y subcaducifolia,2019,686,261598476.8114954,2.6223394278183167e-06
273,Palmar,2001,9,5653.0093400537025,0.0015920723739533927
274,Palmar,2002,5,5653.0093400537025,0.0008844846521963293
275,Palmar,2003,25,5653.0093400537025,0.004422423260981646
276,Palmar,2004,12,5653.0093400537025,0.00212276316527119
277,Palmar,2005,14,5653.0093400537025,0.002476557026149722
278,Palmar,2006,6,5653.0093400537025,0.001061381582635595
279,Palmar,2007,13,5653.0093400537025,0.0022996600957104563
280,Palmar,2008,10,5653.0093400537025,0.0017689693043926587
281,Palmar,2009,14,5653.0093400537025,0.002476557026149722
282,Palmar,2010,13,5653.0093400537025,0.0022996600957104563
283,Palmar,2011,8,5653.0093400537025,0.0014151754435141268
284,Palmar,2012,4,5653.0093400537025,0.0007075877217570634
285,Palmar,2013,22,5653.0093400537025,0.003891732469663849
286,Palmar,2014,4,5653.0093400537025,0.0007075877217570634
287,Palmar,2015,10,5653.0093400537025,0.0017689693043926587
288,Palmar,2016,14,5653.0093400537025,0.002476557026149722
289,Palmar,2017,14,5653.0093400537025,0.002476557026149722
290,Palmar,2018,6,5653.0093400537025,0.001061381582635595
291,Palmar,2019,29,5653.0093400537025,0.00513001098273871
292,Mezquital-huizachal,2001,4,553894.8330986548,7.221587494548006e-06
293,Mezquital-huizachal,2002,3,553894.8330986548,5.4161906209110045e-06
294,Mezquital-huizachal,2003,8,553894.8330986548,1.4443174989096012e-05
295,Mezquital-huizachal,2004,8,553894.8330986548,1.4443174989096012e-05
296,Mezquital-huizachal,2005,12,553894.8330986548,2.1664762483644018e-05
297,Mezquital-huizachal,2006,13,553894.8330986548,2.347015935728102e-05
298,Mezquital-huizachal,2007,17,553894.8330986548,3.0691746851829026e-05
299,Mezquital-huizachal,2008,25,553894.8330986548,4.513492184092504e-05
300,Mezquital-huizachal,2009,35,553894.8330986548,6.318889057729505e-05
301,Mezquital-huizachal,2010,18,553894.8330986548,3.249714372546603e-05
302,Mezquital-huizachal,2011,40,553894.8330986548,7.221587494548005e-05
303,Mezquital-huizachal,2012,10,553894.8330986548,1.8053968736370013e-05
304,Mezquital-huizachal,2013,9,553894.8330986548,1.6248571862733014e-05
305,Mezquital-huizachal,2014,16,553894.8330986548,2.8886349978192024e-05
306,Mezquital-huizachal,2015,13,553894.8330986548,2.347015935728102e-05
307,Mezquital-huizachal,2016,33,553894.8330986548,5.957809683002105e-05
308,Mezquital-huizachal,2017,36,553894.8330986548,6.499428745093206e-05
309,Mezquital-huizachal,2018,20,553894.8330986548,3.6107937472740026e-05
310,Mezquital-huizachal,2019,24,553894.8330986548,4.3329524967288036e-05
311,Matorral sarcocrasicaule,2001,2,4184464.0050964607,4.77958466738895e-07
312,Matorral sarcocrasicaule,2002,6,4184464.0050964607,1.4338754002166849e-06
313,Matorral sarcocrasicaule,2003,12,4184464.0050964607,2.8677508004333697e-06
314,Matorral sarcocrasicaule,2004,14,4184464.0050964607,3.3457092671722647e-06
315,Matorral sarcocrasicaule,2005,44,4184464.0050964607,1.0515086268255689e-05
316,Matorral sarcocrasicaule,2006,13,4184464.0050964607,3.1067300338028172e-06
317,Matorral sarcocrasicaule,2007,14,4184464.0050964607,3.3457092671722647e-06
318,Matorral sarcocrasicaule,2008,16,4184464.0050964607,3.82366773391116e-06
319,Matorral sarcocrasicaule,2009,30,4184464.0050964607,7.1693770010834245e-06
320,Matorral sarcocrasicaule,2010,20,4184464.0050964607,4.77958466738895e-06
321,Matorral sarcocrasicaule,2011,30,4184464.0050964607,7.1693770010834245e-06
322,Matorral sarcocrasicaule,2012,8,4184464.0050964607,1.91183386695558e-06
323,Matorral sarcocrasicaule,2013,30,4184464.0050964607,7.1693770010834245e-06
324,Matorral sarcocrasicaule,2014,29,4184464.0050964607,6.9303977677139774e-06
325,Matorral sarcocrasicaule,2015,17,4184464.0050964607,4.062646967280607e-06
326,Matorral sarcocrasicaule,2016,19,4184464.0050964607,4.540605434019502e-06
327,Matorral sarcocrasicaule,2017,30,4184464.0050964607,7.1693770010834245e-06
328,Matorral sarcocrasicaule,2018,15,4184464.0050964607,3.5846885005417123e-06
329,Matorral sarcocrasicaule,2019,22,4184464.0050964607,5.257543134127844e-06
330,Vegetacion de galeria,2001,1,1362.2978009543665,0.0007340538899053082
331,Vegetacion de galeria,2002,2,1362.2978009543665,0.0014681077798106164
332,Vegetacion de galeria,2003,8,1362.2978009543665,0.005872431119242466
333,Vegetacion de galeria,2004,8,1362.2978009543665,0.005872431119242466
334,Vegetacion de galeria,2005,5,1362.2978009543665,0.003670269449526541
335,Vegetacion de galeria,2006,8,1362.2978009543665,0.005872431119242466
336,Vegetacion de galeria,2007,4,1362.2978009543665,0.002936215559621233
337,Vegetacion de galeria,2008,8,1362.2978009543665,0.005872431119242466
338,Vegetacion de galeria,2009,9,1362.2978009543665,0.006606485009147774
339,Vegetacion de galeria,2010,5,1362.2978009543665,0.003670269449526541
340,Vegetacion de galeria,2011,5,1362.2978009543665,0.003670269449526541
341,Vegetacion de galeria,2012,6,1362.2978009543665,0.004404323339431849
342,Vegetacion de galeria,2013,9,1362.2978009543665,0.006606485009147774
343,Vegetacion de galeria,2014,2,1362.2978009543665,0.0014681077798106164
344,Vegetacion de galeria,2015,1,1362.2978009543665,0.0007340538899053082
345,Vegetacion de galeria,2016,4,1362.2978009543665,0.002936215559621233
346,Vegetacion de galeria,2017,9,1362.2978009543665,0.006606485009147774
347,Vegetacion de galeria,2018,6,1362.2978009543665,0.004404323339431849
348,Vegetacion de galeria,2019,8,1362.2978009543665,0.005872431119242466
349,Selva alta perennifolia y subperennifolia,2001,36,58777793.99283948,6.124762015462106e-07
350,Selva alta perennifolia y subperennifolia,2002,125,58777793.99283948,2.126653477591009e-06
351,Selva alta perennifolia y subperennifolia,2003,867,58777793.99283948,1.475046852057124e-05
352,Selva alta perennifolia y subperennifolia,2004,103,58777793.99283948,1.7523624655349916e-06
353,Selva alta perennifolia y subperennifolia,2005,515,58777793.99283948,8.761812327674957e-06
354,Selva alta perennifolia y subperennifolia,2006,190,58777793.99283948,3.232513285938334e-06
355,Selva alta perennifolia y subperennifolia,2007,302,58777793.99283948,5.137994801859878e-06
356,Selva alta perennifolia y subperennifolia,2008,267,58777793.99283948,4.542531828134395e-06
357,Selva alta perennifolia y subperennifolia,2009,319,58777793.99283948,5.427219674812255e-06
358,Selva alta perennifolia y subperennifolia,2010,231,58777793.99283948,3.930055626588185e-06
359,Selva alta perennifolia y subperennifolia,2011,449,58777793.99283948,7.638939291506904e-06
360,Selva alta perennifolia y subperennifolia,2012,202,58777793.99283948,3.4366720197870705e-06
361,Selva alta perennifolia y subperennifolia,2013,303,58777793.99283948,5.155008029680606e-06
362,Selva alta perennifolia y subperennifolia,2014,124,58777793.99283948,2.109640249770281e-06
363,Selva alta perennifolia y subperennifolia,2015,182,58777793.99283948,3.096407463372509e-06
364,Selva alta perennifolia y subperennifolia,2016,211,58777793.99283948,3.5897910701736235e-06
365,Selva alta perennifolia y subperennifolia,2017,215,58777793.99283948,3.6578439814565356e-06
366,Selva alta perennifolia y subperennifolia,2018,114,58777793.99283948,1.9395079715630004e-06
367,Selva alta perennifolia y subperennifolia,2019,385,58777793.99283948,6.550092710980308e-06
368,Bosque de pino,2001,231,230450987.4704732,1.0023823396703697e-06
369,Bosque de pino,2002,399,230450987.4704732,1.7313876776124568e-06
370,Bosque de pino,2003,915,230450987.4704732,3.970475501291724e-06
371,Bosque de pino,2004,287,230450987.4704732,1.2453841189843988e-06
372,Bosque de pino,2005,1061,230450987.4704732,4.604015854503301e-06
373,Bosque de pino,2006,652,230450987.4704732,2.8292350020133383e-06
374,Bosque de pino,2007,585,230450987.4704732,2.5385007303340535e-06
375,Bosque de pino,2008,935,230450987.4704732,4.057261851046735e-06
376,Bosque de pino,2009,584,230450987.4704732,2.534161412846303e-06
377,Bosque de pino,2010,422,230450987.4704732,1.8311919798307188e-06
378,Bosque de pino,2011,2885,230450987.4704732,1.2518930952160246e-05
379,Bosque de pino,2012,1340,230450987.4704732,5.814685433585695e-06
380,Bosque de pino,2013,1306,230450987.4704732,5.667148639002177e-06
381,Bosque de pino,2014,258,230450987.4704732,1.1195439118396339e-06
382,Bosque de pino,2015,196,230450987.4704732,8.505062275991016e-07
383,Bosque de pino,2016,561,230450987.4704732,2.434357110628041e-06
384,Bosque de pino,2017,1472,230450987.4704732,6.387475341968763e-06
385,Bosque de pino,2018,836,230450987.4704732,3.6276694197594334e-06
386,Bosque de pino,2019,1757,230450987.4704732,7.6241808259776615e-06
387,Pastizal natural,2001,2,3491121.9309616885,5.728817381778087e-07
388,Pastizal natural,2002,7,3491121.9309616885,2.0050860836223305e-06
389,Pastizal natural,2003,27,3491121.9309616885,7.733903465400417e-06
390,Pastizal natural,2004,19,3491121.9309616885,5.4423765126891825e-06
391,Pastizal natural,2005,79,3491121.9309616885,2.2628828658023443e-05
392,Pastizal natural,2006,50,3491121.9309616885,1.4322043454445218e-05
393,Pastizal natural,2007,27,3491121.9309616885,7.733903465400417e-06
394,Pastizal natural,2008,109,3491121.9309616885,3.1222054730690574e-05
395,Pastizal natural,2009,100,3491121.9309616885,2.8644086908890436e-05
396,Pastizal natural,2010,64,3491121.9309616885,1.833221562168988e-05
397,Pastizal natural,2011,387,3491121.9309616885,0.00011085261633740599
398,Pastizal natural,2012,86,3491121.9309616885,2.4633914741645775e-05
399,Pastizal natural,2013,105,3491121.9309616885,3.007629125433496e-05
400,Pastizal natural,2014,62,3491121.9309616885,1.775933388351207e-05
401,Pastizal natural,2015,22,3491121.9309616885,6.301699119955895e-06
402,Pastizal natural,2016,104,3491121.9309616885,2.9789850385246052e-05
403,Pastizal natural,2017,139,3491121.9309616885,3.98152808033577e-05
404,Pastizal natural,2018,153,3491121.9309616885,4.382545297060237e-05
405,Pastizal natural,2019,110,3491121.9309616885,3.150849559977948e-05
406,Areas sin vegetacion aparente,2001,1,78190.99031869188,1.2789197270992306e-05
407,Areas sin vegetacion aparente,2002,1,78190.99031869188,1.2789197270992306e-05
408,Areas sin vegetacion aparente,2003,3,78190.99031869188,3.8367591812976914e-05
409,Areas sin vegetacion aparente,2004,1,78190.99031869188,1.2789197270992306e-05
410,Areas sin vegetacion aparente,2005,1,78190.99031869188,1.2789197270992306e-05
411,Areas sin vegetacion aparente,2006,11,78190.99031869188,0.00014068116998091536
412,Areas sin vegetacion aparente,2007,2,78190.99031869188,2.557839454198461e-05
413,Areas sin vegetacion aparente,2008,2,78190.99031869188,2.557839454198461e-05
414,Areas sin vegetacion aparente,2010,1,78190.99031869188,1.2789197270992306e-05
415,Areas sin vegetacion aparente,2011,15,78190.99031869188,0.00019183795906488457
416,Areas sin vegetacion aparente,2012,3,78190.99031869188,3.8367591812976914e-05
417,Areas sin vegetacion aparente,2013,3,78190.99031869188,3.8367591812976914e-05
418,Areas sin vegetacion aparente,2016,1,78190.99031869188,1.2789197270992306e-05
419,Areas sin vegetacion aparente,2017,5,78190.99031869188,6.394598635496153e-05
420,Areas sin vegetacion aparente,2018,4,78190.99031869188,5.115678908396922e-05
421,Areas sin vegetacion aparente,2019,1,78190.99031869188,1.2789197270992306e-05
422,Sabana,2001,29,466995.8719087993,6.209905000116035e-05
423,Sabana,2002,24,466995.8719087993,5.13923172423396e-05
424,Sabana,2003,153,466995.8719087993,0.00032762602241991496
425,Sabana,2004,55,466995.8719087993,0.00011777406034702825
426,Sabana,2005,145,466995.8719087993,0.00031049525000580175
427,Sabana,2006,77,466995.8719087993,0.00016488368448583954
428,Sabana,2007,70,466995.8719087993,0.0001498942586234905
429,Sabana,2008,102,466995.8719087993,0.0002184173482799433
430,Sabana,2009,74,466995.8719087993,0.0001584596448305471
431,Sabana,2010,48,466995.8719087993,0.0001027846344846792
432,Sabana,2011,81,466995.8719087993,0.00017344907069289614
433,Sabana,2012,75,466995.8719087993,0.00016060099138231126
434,Sabana,2013,115,466995.8719087993,0.0002462548534528772
435,Sabana,2014,33,466995.8719087993,7.066443620821695e-05
436,Sabana,2015,44,466995.8719087993,9.42192482776226e-05
437,Sabana,2016,97,466995.8719087993,0.00020771061552112254
438,Sabana,2017,124,466995.8719087993,0.0002655269724187546
439,Sabana,2018,71,466995.8719087993,0.00015203560517525465
440,Sabana,2019,128,466995.8719087993,0.0002740923586258112
441,Popal y tular,2001,25,1718302.4143145792,1.454924336469163e-05
442,Popal y tular,2002,36,1718302.4143145792,2.0950910445155946e-05
443,Popal y tular,2003,323,1718302.4143145792,0.00018797622427181587
444,Popal y tular,2004,60,1718302.4143145792,3.491818407525991e-05
445,Popal y tular,2005,185,1718302.4143145792,0.00010766440089871806
446,Popal y tular,2006,43,1718302.4143145792,2.5024698587269605e-05
447,Popal y tular,2007,241,1718302.4143145792,0.00014025470603562732
448,Popal y tular,2008,51,1718302.4143145792,2.9680456463970924e-05
449,Popal y tular,2009,245,1718302.4143145792,0.000142582584973978
450,Popal y tular,2010,65,1718302.4143145792,3.782803274819824e-05
451,Popal y tular,2011,126,1718302.4143145792,7.332818655804581e-05
452,Popal y tular,2012,57,1718302.4143145792,3.3172274871496915e-05
453,Popal y tular,2013,99,1718302.4143145792,5.761500372417885e-05
454,Popal y tular,2014,28,1718302.4143145792,1.6295152568454627e-05
455,Popal y tular,2015,98,1718302.4143145792,5.703303398959119e-05
456,Popal y tular,2016,141,1718302.4143145792,8.205773257686079e-05
457,Popal y tular,2017,153,1718302.4143145792,8.904136939191277e-05
458,Popal y tular,2018,132,1718302.4143145792,7.68200049655718e-05
459,Popal y tular,2019,225,1718302.4143145792,0.00013094319028222467
460,Vegetacion de suelos arenosos,2001,2,1472156.4010348658,1.358551305142634e-06
461,Vegetacion de suelos arenosos,2003,1,1472156.4010348658,6.79275652571317e-07
462,Vegetacion de suelos arenosos,2004,6,1472156.4010348658,4.075653915427903e-06
463,Vegetacion de suelos arenosos,2005,6,1472156.4010348658,4.075653915427903e-06
464,Vegetacion de suelos arenosos,2006,4,1472156.4010348658,2.717102610285268e-06
465,Vegetacion de suelos arenosos,2007,2,1472156.4010348658,1.358551305142634e-06
466,Vegetacion de suelos arenosos,2008,3,1472156.4010348658,2.0378269577139514e-06
467,Vegetacion de suelos arenosos,2009,8,1472156.4010348658,5.434205220570536e-06
468,Vegetacion de suelos arenosos,2010,16,1472156.4010348658,1.0868410441141073e-05
469,Vegetacion de suelos arenosos,2011,16,1472156.4010348658,1.0868410441141073e-05
470,Vegetacion de suelos arenosos,2012,10,1472156.4010348658,6.7927565257131706e-06
471,Vegetacion de suelos arenosos,2013,6,1472156.4010348658,4.075653915427903e-06
472,Vegetacion de suelos arenosos,2014,25,1472156.4010348658,1.6981891314282928e-05
473,Vegetacion de suelos arenosos,2015,9,1472156.4010348658,6.113480873141854e-06
474,Vegetacion de suelos arenosos,2016,10,1472156.4010348658,6.7927565257131706e-06
475,Vegetacion de suelos arenosos,2017,8,1472156.4010348658,5.434205220570536e-06
476,Vegetacion de suelos arenosos,2018,19,1472156.4010348658,1.2906237398855024e-05
477,Vegetacion de suelos arenosos,2019,7,1472156.4010348658,4.7549295679992196e-06
478,Matorral desertico microfilo,2001,4,14795894.939691002,2.703452556472083e-07
479,Matorral desertico microfilo,2002,15,14795894.939691002,1.0137947086770313e-06
480,Matorral desertico microfilo,2003,21,14795894.939691002,1.4193125921478437e-06
481,Matorral desertico microfilo,2004,15,14795894.939691002,1.0137947086770313e-06
482,Matorral desertico microfilo,2005,39,14795894.939691002,2.635866242560281e-06
483,Matorral desertico microfilo,2006,20,14795894.939691002,1.3517262782360418e-06
484,Matorral desertico microfilo,2007,32,14795894.939691002,2.1627620451776666e-06
485,Matorral desertico microfilo,2008,39,14795894.939691002,2.635866242560281e-06
486,Matorral desertico microfilo,2009,51,14795894.939691002,3.4469020095019064e-06
487,Matorral desertico microfilo,2010,31,14795894.939691002,2.0951757312658646e-06
488,Matorral desertico microfilo,2011,226,14795894.939691002,1.527450694406727e-05
489,Matorral desertico microfilo,2012,59,14795894.939691002,3.987592520796323e-06
490,Matorral desertico microfilo,2013,41,14795894.939691002,2.7710388703838855e-06
491,Matorral desertico microfilo,2014,42,14795894.939691002,2.8386251842956875e-06
492,Matorral desertico microfilo,2015,27,14795894.939691002,1.8248304756186563e-06
493,Matorral desertico microfilo,2016,58,14795894.939691002,3.9200062068845205e-06
494,Matorral desertico microfilo,2017,60,14795894.939691002,4.055178834708125e-06
495,Matorral desertico microfilo,2018,46,14795894.939691002,3.1089704399428957e-06
496,Matorral desertico microfilo,2019,42,14795894.939691002,2.8386251842956875e-06
497,Ciudades importantes,2001,1,8150.347830422709,0.00012269415009103188
498,Ciudades importantes,2002,1,8150.347830422709,0.00012269415009103188
499,Ciudades importantes,2003,1,8150.347830422709,0.00012269415009103188
500,Ciudades importantes,2004,8,8150.347830422709,0.000981553200728255
501,Ciudades importantes,2005,2,8150.347830422709,0.00024538830018206375
502,Ciudades importantes,2006,5,8150.347830422709,0.0006134707504551595
503,Ciudades importantes,2007,5,8150.347830422709,0.0006134707504551595
504,Ciudades importantes,2008,3,8150.347830422709,0.00036808245027309565
505,Ciudades importantes,2009,4,8150.347830422709,0.0004907766003641275
506,Ciudades importantes,2011,1,8150.347830422709,0.00012269415009103188
507,Ciudades importantes,2012,1,8150.347830422709,0.00012269415009103188
508,Ciudades importantes,2013,3,8150.347830422709,0.00036808245027309565
509,Ciudades importantes,2014,1,8150.347830422709,0.00012269415009103188
510,Ciudades importantes,2016,1,8150.347830422709,0.00012269415009103188
511,Ciudades importantes,2017,3,8150.347830422709,0.00036808245027309565
